Source Entity,Target Entity
102.38.213.5
103.224.182.243
103.224.212.240
103.35.77.117
103.35.77.69
103.41.172.12
104.131.65.219
104.143.149.115
104.151.182.177
104.18.209.77
104.18.210.77
104.196.10.102
104.196.139.127
104.196.166.144
104.196.28.21
104.198.203.145
104.199.117.56
104.199.121.203
104.202.99.167
104.202.99.178
104.202.99.210
104.202.99.215
104.225.103.138
104.237.158.6
104.248.76.251
104.45.168.106
104.45.170.173
104.45.170.196
104.45.170.70
107.164.21.111
107.170.237.198
107.187.124.60
108.177.174.100
109.73.162.178
110.34.155.90
119.28.51.203
12.146.242.17
123.136.73.9
127.0.0.1
127.0.0.26
127.0.0.4
128.151.10.35
128.194.18.45
128.199.196.82
128.220.8.15
129.174.21.5
129.252.86.83
13.249.40.21
13.249.40.30
13.249.40.33
13.249.40.85
130.241.16.16
132.148.246.237
132.174.254.90
132.198.50.13
135.180.4.56
136.0.74.43
136.243.111.209
137.122.8.73
137.45.30.160
139.180.129.152
139.80.135.60
139.80.135.61
142.252.179.201
142.91.194.79
146.148.34.125
146.185.174.102
146.7.113.210
147.255.94.141
151.101.2.159
154.206.216.115
154.214.159.190
154.214.176.115
154.214.176.166
154.215.218.217
154.85.152.5
154.88.170.58
154.95.97.16
155.254.144.107
156.247.148.175
156.247.173.156
156.254.158.218
157.185.146.17
158.69.211.40
159.203.194.125
162.209.132.42
162.213.10.13
162.241.16.11
162.249.18.116
165.160.13.20
165.160.15.20
165.227.49.70
167.114.98.90
167.71.168.136
170.31.64.50
172.106.146.124
172.217.12.243
172.217.7.180
172.98.192.35
173.199.172.26
173.228.7.43
173.232.57.221
173.236.187.79
174.34.140.24
174.74.15.19
178.62.22.246
178.63.219.121
178.79.182.78
18.211.160.51
18.211.9.206
18.220.221.67
180.147.239.18
180.215.198.201
182.161.62.23
183.90.253.44
184.168.221.57
184.178.20.200
184.186.53.197
185.22.173.146
185.53.178.6
185.53.178.7
185.53.178.8
185.53.178.9
185.53.179.6
185.53.179.7
185.53.179.8
188.166.79.149
190.61.4.172
192.0.78.24
192.0.78.25
192.124.249.104
192.124.249.108
192.155.89.31
192.169.158.89
192.169.196.227
192.185.114.178
192.225.236.110
192.238.186.159
192.252.144.13
192.252.145.235
192.64.147.169
192.96.210.17
194.105.150.213
194.58.112.165
195.154.194.121
198.167.32.31
198.58.118.167
198.58.98.185
198.71.233.197
199.115.115.116
199.191.50.184
199.191.50.73
199.34.228.71
199.34.228.72
199.4.216.63
199.58.179.10
199.59.242.153
199.68.189.193
199.68.189.197
202.254.236.68
203.114.253.163
204.109.14.81
204.109.15.81
204.11.56.37
204.11.56.48
204.2.48.201
204.44.61.234
205.178.145.101
205.178.189.129
205.178.189.131
206.180.230.45
206.188.192.163
206.188.192.212
206.188.192.253
206.188.192.69
206.188.192.82
206.188.193.105
206.188.193.157
206.188.193.176
207.148.248.143
207.148.81.143
207.241.224.2
208.100.26.245
208.113.129.147
208.91.197.26
208.91.197.27
209.151.16.44
209.17.116.10
209.17.116.2
209.191.183.30
209.200.154.51
209.99.40.224
209.99.64.52
209.99.64.71
212.57.20.222
213.180.204.242
216.12.43.254
216.139.243.43
216.21.224.199
216.249.57.75
216.32.33.11
216.63.34.84
216.65.206.90
216.70.112.167
216.70.116.24
23.110.176.174
23.110.183.8
23.20.239.12
23.22.135.217
23.229.158.36
23.23.86.44
23.253.73.122
23.49.248.184
23.81.188.70
23.82.12.29
23.82.231.88
23.88.249.100
23.90.37.210
24.249.161.108
24.255.109.212
24.8.206.148
3.222.4.74
3.224.224.135
3.234.181.234
31.31.205.163
34.192.12.194
34.192.13.219
34.194.201.132
34.195.30.159
34.197.201.115
34.199.231.194
34.200.167.100
34.205.100.12
34.207.33.232
34.225.213.92
34.232.191.61
34.239.39.39
35.153.218.93
35.165.148.245
35.173.44.176
35.180.41.247
35.185.26.248
35.186.238.101
35.189.109.73
35.231.158.222
35.232.226.111
37.48.65.136
37.60.252.136
40.112.191.159
40.91.114.49
43.229.121.78
45.205.221.7
45.33.2.79
45.33.23.183
45.38.179.191
45.56.79.23
45.66.139.7
45.72.68.69
45.79.19.196
45.79.222.138
45.79.79.231
46.101.150.160
46.229.169.130
46.51.254.53
47.244.205.184
47.91.169.15
5.79.79.210
50.0.43.33
50.118.149.124
50.250.206.161
50.28.78.190
50.56.188.113
50.56.64.4
50.87.150.146
51.143.111.58
52.1.174.106
52.151.238.5
52.151.244.65
52.20.199.44
52.202.112.181
52.206.142.230
52.206.191.232
52.22.242.39
52.25.19.108
52.3.97.93
52.32.2.156
52.36.233.15
52.5.109.89
52.6.55.163
52.6.70.185
52.7.163.77
52.7.210.220
52.70.129.71
52.70.139.21
52.71.239.122
52.73.37.73
52.85.145.105
52.85.145.109
52.85.145.186
52.85.145.221
52.85.148.129
52.85.148.24
52.85.148.78
52.85.148.89
52.86.253.3
54.152.6.249
54.157.245.185
54.164.212.6
54.172.188.206
54.172.223.90
54.221.236.34
54.243.151.62
54.243.154.122
54.247.91.90
54.36.56.87
62.122.170.171
62.76.181.213
62.76.182.7
62.76.182.8
63.232.123.151
63.232.123.19
64.202.189.114
64.207.187.163
64.207.248.194
64.207.98.116
64.29.151.221
64.89.44.97
64.98.145.30
64.99.80.121
65.254.244.180
65.254.250.103
66.161.18.37
66.165.251.198
66.204.73.136
66.228.53.17
66.254.164.104
66.96.132.120
66.96.162.92
67.18.188.242
67.212.187.108
67.220.194.133
67.227.226.241
68.109.200.168
68.171.128.179
69.16.230.42
69.164.223.52
69.172.201.153
69.43.195.115
69.63.129.93
70.165.96.69
70.168.219.55
70.32.68.183
71.197.151.225
72.47.244.123
72.47.244.60
72.52.179.175
72.52.4.120
72.83.171.146
72.9.105.30
75.101.132.77
75.126.100.29
76.227.210.70
76.93.181.72
78.47.226.171
79.98.28.16
8.33.179.100
81.17.18.197
81.171.22.7
81.177.165.131
84.18.198.110
85.13.146.150
85.143.166.6
85.143.166.7
88.214.207.96
91.195.240.103
91.195.240.126
91.195.240.87
91.221.109.41
93.89.224.209
96.126.123.244
96.252.92.126
98.124.199.35
98.129.229.225
98.175.48.7
99.81.40.78
